{"flutter":{"platforms":{"android":{"default":{"projectId":"dlr-zone","appId":"1:713246683474:android:dd79f24fd45d4a914a8a8b","fileOutput":"android/app/google-services.json"}},"dart":{"lib/firebase_options.dart":{"projectId":"dlr-zone","configurations":{"android":"1:713246683474:android:dd79f24fd45d4a914a8a8b","ios":"1:713246683474:ios:52e9c7a7bf0fd25d4a8a8b","macos":"1:713246683474:ios:52e9c7a7bf0fd25d4a8a8b","web":"1:713246683474:web:5f6662d92ffbe7654a8a8b","windows":"1:713246683474:web:729e6f30c908c5e04a8a8b"}}}}}}